{
  "title": "Indexnavtest",
  "timeout": 50000,
  "snippets": false,
  "description": null,
  "savedAt": 1747344610,
  "loadedAt": 1747343711,
  "modified": false,
  "filename": "indexnavtest.json",
  "targets": {
    "1oc8mapvux6i": {
      "editing": false,
      "id": "1oc8mapvux6i",
      "key": "1oc8mapvux6i",
      "target": "A_CLASS_BG_WHITE_ROUNDED_XL_SHADOW_MD_P_6_HOVER_BG_GRAY_50_TRANSITION",
      "selector": "/html[1]/body[1]/div[1]/div[1]/a[1]",
      "disabled": false,
      "adding": false,
      "parentType": "",
      "ref": ""
    },
    "1oc8mapvux7z": {
      "editing": false,
      "id": "1oc8mapvux7z",
      "key": "1oc8mapvux7z",
      "target": "DIV_ID_COLUMN_VISIBILITY_WRAPPER",
      "selector": "#column-visibility-wrapper",
      "disabled": false,
      "adding": false,
      "parentType": "",
      "ref": ""
    },
    "1oc8mapvux9s": {
      "editing": false,
      "id": "1oc8mapvux9s",
      "key": "1oc8mapvux9s",
      "target": "DIV_ID_COLUMN_VISIBILITY_WRAPPER_1",
      "selector": "#column-visibility-wrapper",
      "disabled": false,
      "adding": false,
      "parentType": "",
      "ref": ""
    },
    "1oc8mapvuxc6": {
      "editing": false,
      "id": "1oc8mapvuxc6",
      "key": "1oc8mapvuxc6",
      "target": "BUTTON_ID_RESET_FILTERS",
      "selector": "#reset-filters",
      "disabled": false,
      "adding": false,
      "parentType": "",
      "ref": ""
    }
  },
  "groups": {},
  "puppetry": "3.2.6"
}